BEGIN TRANSACTION;
CREATE TABLE HOLArenas (
  id INTEGER PRIMARY KEY AUTOINCREMENT,
  TeamID INTEGER NOT NULL DEFAULT 0,
  TeamName TEXT NOT NULL DEFAULT '',
  TeamFullName TEXT NOT NULL DEFAULT '',
  CityName TEXT NOT NULL DEFAULT '',
  AreaName TEXT NOT NULL DEFAULT '',
  CountryName TEXT NOT NULL DEFAULT '',
  FullCountryName TEXT NOT NULL DEFAULT '',
  FullCityName TEXT NOT NULL DEFAULT '',
  FullAreaName TEXT NOT NULL DEFAULT '',
  FullCityNameAlt TEXT NOT NULL DEFAULT '',
  ArenaName TEXT NOT NULL DEFAULT '',
  FullArenaName TEXT NOT NULL DEFAULT '',
  GamesPlayed INTEGER NOT NULL DEFAULT 0
);
INSERT INTO "HOLArenas" VALUES(1,1,'Flies','Kansas City Flies','Kansas City','MO','USA','United States','Kansas City, MO','Missouri','Kansas City, Missouri','KAN Arena','KAN Arena, Kansas City',0);
INSERT INTO "HOLArenas" VALUES(2,2,'Lampreys','Chicago Lampreys','Chicago','IL','USA','United States','Chicago, IL','Illionis','Chicago, Illionis','CHI Arena','CHI Arena, Chicago',0);
INSERT INTO "HOLArenas" VALUES(3,3,'Whitecaps','Ft. Wayne Whitecaps','Ft. Wayne','IN','USA','United States','Ft. Wayne, IN','Indiana','Ft. Wayne, Indiana','WHI Arena','WHI Arena, Ft. Wayne',0);
INSERT INTO "HOLArenas" VALUES(4,4,'Frogs','Minneapolis Frogs','Minneapolis','MN','USA','United States','Minneapolis, MN','Minnesota','Minneapolis, Minnesota','MIN Arena','MIN Arena, Minneapolis',0);
INSERT INTO "HOLArenas" VALUES(5,5,'Passion','Columbus Passion','Columbus','OH','USA','United States','Columbus, OH','Ohio','Columbus, Ohio','COL Arena','COL Arena, Columbus',0);
INSERT INTO "HOLArenas" VALUES(6,6,'Cattlemen','Akron Cattlemen','Akron','OH','USA','United States','Akron, OH','Ohio','Akron, Ohio','AKR Arena','AKR Arena, Akron',0);
INSERT INTO "HOLArenas" VALUES(7,7,'Gears','Indianapolis Gears','Indianapolis','IN','USA','United States','Indianapolis, IN','Indiana','Indianapolis, Indiana','IND Arena','IND Arena, Indianapolis',0);
INSERT INTO "HOLArenas" VALUES(8,8,'Rail Hawks','Wichita Rail Hawks','Wichita','KS','USA','United States','Wichita, KS','Kansas','Wichita, Kansas','WIC Arena','WIC Arena, Wichita',0);
CREATE TABLE HOLConferences (
  id INTEGER PRIMARY KEY AUTOINCREMENT,
  Conference TEXT NOT NULL DEFAULT '',
  ConferencePrefix TEXT NOT NULL DEFAULT '',
  ConferenceSuffix TEXT NOT NULL DEFAULT '',
  FullName TEXT NOT NULL DEFAULT '',
  LeagueName TEXT NOT NULL DEFAULT '',
  LeagueFullName TEXT NOT NULL DEFAULT '',
  NumberOfTeams INTEGER NOT NULL DEFAULT 0,
  NumberOfDivisions INTEGER NOT NULL DEFAULT 0
);
INSERT INTO "HOLConferences" VALUES(1,'Conference 1','','','Conference 1','HOL','Hockey League',4,2);
INSERT INTO "HOLConferences" VALUES(2,'Conference 2','','','Conference 2','HOL','Hockey League',4,2);
CREATE TABLE HOLDivisions (
  id INTEGER PRIMARY KEY AUTOINCREMENT,
  Division TEXT NOT NULL DEFAULT '',
  DivisionPrefix TEXT NOT NULL DEFAULT '',
  DivisionSuffix TEXT NOT NULL DEFAULT '',
  FullName TEXT NOT NULL DEFAULT '',
  Conference TEXT NOT NULL DEFAULT '',
  ConferenceFullName TEXT NOT NULL DEFAULT '',
  LeagueName TEXT NOT NULL DEFAULT '',
  LeagueFullName TEXT NOT NULL DEFAULT '',
  NumberOfTeams INTEGER NOT NULL DEFAULT 0
);
INSERT INTO "HOLDivisions" VALUES(1,'Division 1','','','Division 1','Conference 1','Conference 1','HOL','Hockey League',2);
INSERT INTO "HOLDivisions" VALUES(2,'Division 2','','','Division 2','Conference 1','Conference 1','HOL','Hockey League',2);
INSERT INTO "HOLDivisions" VALUES(3,'Division 3','','','Division 3','Conference 2','Conference 2','HOL','Hockey League',2);
INSERT INTO "HOLDivisions" VALUES(4,'Division 4','','','Division 4','Conference 2','Conference 2','HOL','Hockey League',2);
CREATE TABLE HOLGameStats (
  id INTEGER PRIMARY KEY AUTOINCREMENT,
  GameID INTEGER NOT NULL DEFAULT 0,
  Date INTEGER NOT NULL DEFAULT 0,
  Time INTEGER NOT NULL DEFAULT 0,
  DateTime INTEGER NOT NULL DEFAULT 0,
  TeamID INTEGER NOT NULL DEFAULT 0,
  FullName TEXT NOT NULL DEFAULT '',
  CityName TEXT NOT NULL DEFAULT '',
  TeamPrefix TEXT NOT NULL DEFAULT '',
  TeamSuffix TEXT NOT NULL DEFAULT '',
  AreaName TEXT NOT NULL DEFAULT '',
  CountryName TEXT NOT NULL DEFAULT '',
  FullCountryName TEXT NOT NULL DEFAULT '',
  FullCityName TEXT NOT NULL DEFAULT '',
  FullAreaName TEXT NOT NULL DEFAULT '',
  FullCityNameAlt TEXT NOT NULL DEFAULT '',
  TeamName TEXT NOT NULL DEFAULT '',
  Conference TEXT NOT NULL DEFAULT '',
  ConferenceFullName TEXT NOT NULL DEFAULT '',
  Division TEXT NOT NULL DEFAULT '',
  DivisionFullName TEXT NOT NULL DEFAULT '',
  LeagueName TEXT NOT NULL DEFAULT '',
  LeagueFullName TEXT NOT NULL DEFAULT '',
  ArenaName TEXT NOT NULL DEFAULT '',
  FullArenaName TEXT NOT NULL DEFAULT '',
  Affiliates TEXT NOT NULL DEFAULT '',
  GoalsFor INTEGER NOT NULL DEFAULT 0,
  GoalsAgainst INTEGER NOT NULL DEFAULT 0,
  GoalsDifference INTEGER NOT NULL DEFAULT 0,
  SOGFor INTEGER NOT NULL DEFAULT 0,
  SOGAgainst INTEGER NOT NULL DEFAULT 0,
  SOGDifference INTEGER NOT NULL DEFAULT 0,
  ShotsBlockedFor INTEGER NOT NULL DEFAULT 0,
  ShotsBlockedAgainst INTEGER NOT NULL DEFAULT 0,
  ShotsBlockedDifference INTEGER NOT NULL DEFAULT 0,
  PPGFor INTEGER NOT NULL DEFAULT 0,
  PPGAgainst INTEGER NOT NULL DEFAULT 0,
  PPGDifference INTEGER NOT NULL DEFAULT 0,
  SHGFor INTEGER NOT NULL DEFAULT 0,
  SHGAgainst INTEGER NOT NULL DEFAULT 0,
  SHGDifference INTEGER NOT NULL DEFAULT 0,
  PenaltiesFor INTEGER NOT NULL DEFAULT 0,
  PenaltiesAgainst INTEGER NOT NULL DEFAULT 0,
  PenaltiesDifference INTEGER NOT NULL DEFAULT 0,
  PIMFor INTEGER NOT NULL DEFAULT 0,
  PIMAgainst INTEGER NOT NULL DEFAULT 0,
  PIMDifference INTEGER NOT NULL DEFAULT 0,
  HITSFor INTEGER NOT NULL DEFAULT 0,
  HITSAgainst INTEGER NOT NULL DEFAULT 0,
  HITSDifference INTEGER NOT NULL DEFAULT 0,
  TakeAways INTEGER NOT NULL DEFAULT 0,
  GiveAways INTEGER NOT NULL DEFAULT 0,
  TAGADifference INTEGER NOT NULL DEFAULT 0,
  FaceoffWins INTEGER NOT NULL DEFAULT 0,
  FaceoffLosses INTEGER NOT NULL DEFAULT 0,
  FaceoffDifference INTEGER NOT NULL DEFAULT 0
);
CREATE TABLE HOLGames (
  id INTEGER PRIMARY KEY AUTOINCREMENT,
  Date INTEGER NOT NULL DEFAULT 0,
  Time INTEGER NOT NULL DEFAULT 0,
  DateTime INTEGER NOT NULL DEFAULT 0,
  HomeTeam TEXT NOT NULL DEFAULT '',
  AwayTeam TEXT NOT NULL DEFAULT '',
  AtArena TEXT NOT NULL DEFAULT '',
  TeamScorePeriods TEXT NOT NULL DEFAULT '',
  TeamFullScore TEXT NOT NULL DEFAULT '',
  ShotsOnGoal TEXT NOT NULL DEFAULT '',
  FullShotsOnGoal TEXT NOT NULL DEFAULT '',
  ShotsBlocked TEXT NOT NULL DEFAULT '',
  FullShotsBlocked TEXT NOT NULL DEFAULT '',
  PowerPlays TEXT NOT NULL DEFAULT '',
  FullPowerPlays TEXT NOT NULL DEFAULT '',
  ShortHanded TEXT NOT NULL DEFAULT '',
  FullShortHanded TEXT NOT NULL DEFAULT '',
  Penalties TEXT NOT NULL DEFAULT '',
  FullPenalties TEXT NOT NULL DEFAULT '',
  PenaltyMinutes TEXT NOT NULL DEFAULT '',
  FullPenaltyMinutes TEXT NOT NULL DEFAULT '',
  HitsPerPeriod TEXT NOT NULL DEFAULT '',
  FullHitsPerPeriod TEXT NOT NULL DEFAULT '',
  TakeAways TEXT NOT NULL DEFAULT '',
  FullTakeAways TEXT NOT NULL DEFAULT '',
  GiveAways TEXT NOT NULL DEFAULT '',
  FullGiveAways TEXT NOT NULL DEFAULT '',
  FaceoffWins TEXT NOT NULL DEFAULT '',
  FullFaceoffWins TEXT NOT NULL DEFAULT '',
  NumberPeriods INTEGER NOT NULL DEFAULT 0,
  TeamWin TEXT NOT NULL DEFAULT '',
  TeamLost TEXT NOT NULL DEFAULT '',
  TieGame INTEGER NOT NULL DEFAULT 0,
  IsPlayOffGame INTEGER NOT NULL DEFAULT 0
);
CREATE TABLE HOLStats (
  id INTEGER PRIMARY KEY AUTOINCREMENT,
  TeamID INTEGER NOT NULL DEFAULT 0,
  Date INTEGER NOT NULL DEFAULT 0,
  Time INTEGER NOT NULL DEFAULT 0,
  DateTime INTEGER NOT NULL DEFAULT 0,
  FullName TEXT NOT NULL DEFAULT '',
  CityName TEXT NOT NULL DEFAULT '',
  TeamPrefix TEXT NOT NULL DEFAULT '',
  TeamSuffix TEXT NOT NULL DEFAULT '',
  AreaName TEXT NOT NULL DEFAULT '',
  CountryName TEXT NOT NULL DEFAULT '',
  FullCountryName TEXT NOT NULL DEFAULT '',
  FullCityName TEXT NOT NULL DEFAULT '',
  FullAreaName TEXT NOT NULL DEFAULT '',
  FullCityNameAlt TEXT NOT NULL DEFAULT '',
  TeamName TEXT NOT NULL DEFAULT '',
  Conference TEXT NOT NULL DEFAULT '',
  ConferenceFullName TEXT NOT NULL DEFAULT '',
  Division TEXT NOT NULL DEFAULT '',
  DivisionFullName TEXT NOT NULL DEFAULT '',
  LeagueName TEXT NOT NULL DEFAULT '',
  LeagueFullName TEXT NOT NULL DEFAULT '',
  ArenaName TEXT NOT NULL DEFAULT '',
  FullArenaName TEXT NOT NULL DEFAULT '',
  Affiliates TEXT NOT NULL DEFAULT '',
  GamesPlayed INTEGER NOT NULL DEFAULT 0,
  GamesPlayedHome INTEGER NOT NULL DEFAULT 0,
  GamesPlayedAway INTEGER NOT NULL DEFAULT 0,
  Ties INTEGER NOT NULL DEFAULT 0,
  Wins INTEGER NOT NULL DEFAULT 0,
  OTWins INTEGER NOT NULL DEFAULT 0,
  SOWins INTEGER NOT NULL DEFAULT 0,
  OTSOWins INTEGER NOT NULL DEFAULT 0,
  TWins INTEGER NOT NULL DEFAULT 0,
  Losses INTEGER NOT NULL DEFAULT 0,
  OTLosses INTEGER NOT NULL DEFAULT 0,
  SOLosses INTEGER NOT NULL DEFAULT 0,
  OTSOLosses INTEGER NOT NULL DEFAULT 0,
  TLosses INTEGER NOT NULL DEFAULT 0,
  ROW INTEGER NOT NULL DEFAULT 0,
  ROT INTEGER NOT NULL DEFAULT 0,
  ShutoutWins INTEGER NOT NULL DEFAULT 0,
  ShutoutLosses INTEGER NOT NULL DEFAULT 0,
  HomeRecord TEXT NOT NULL DEFAULT '0:0:0:0',
  AwayRecord TEXT NOT NULL DEFAULT '0:0:0:0',
  Shootouts TEXT NOT NULL DEFAULT '0:0',
  GoalsFor INTEGER NOT NULL DEFAULT 0,
  GoalsAgainst INTEGER NOT NULL DEFAULT 0,
  GoalsDifference INTEGER NOT NULL DEFAULT 0,
  SOGFor INTEGER NOT NULL DEFAULT 0,
  SOGAgainst INTEGER NOT NULL DEFAULT 0,
  SOGDifference INTEGER NOT NULL DEFAULT 0,
  ShotsBlockedFor INTEGER NOT NULL DEFAULT 0,
  ShotsBlockedAgainst INTEGER NOT NULL DEFAULT 0,
  ShotsBlockedDifference INTEGER NOT NULL DEFAULT 0,
  PPGFor INTEGER NOT NULL DEFAULT 0,
  PPGAgainst INTEGER NOT NULL DEFAULT 0,
  PPGDifference INTEGER NOT NULL DEFAULT 0,
  SHGFor INTEGER NOT NULL DEFAULT 0,
  SHGAgainst INTEGER NOT NULL DEFAULT 0,
  SHGDifference INTEGER NOT NULL DEFAULT 0,
  PenaltiesFor INTEGER NOT NULL DEFAULT 0,
  PenaltiesAgainst INTEGER NOT NULL DEFAULT 0,
  PenaltiesDifference INTEGER NOT NULL DEFAULT 0,
  PIMFor INTEGER NOT NULL DEFAULT 0,
  PIMAgainst INTEGER NOT NULL DEFAULT 0,
  PIMDifference INTEGER NOT NULL DEFAULT 0,
  HITSFor INTEGER NOT NULL DEFAULT 0,
  HITSAgainst INTEGER NOT NULL DEFAULT 0,
  HITSDifference INTEGER NOT NULL DEFAULT 0,
  TakeAways INTEGER NOT NULL DEFAULT 0,
  GiveAways INTEGER NOT NULL DEFAULT 0,
  TAGADifference INTEGER NOT NULL DEFAULT 0,
  FaceoffWins INTEGER NOT NULL DEFAULT 0,
  FaceoffLosses INTEGER NOT NULL DEFAULT 0,
  FaceoffDifference INTEGER NOT NULL DEFAULT 0,
  Points INTEGER NOT NULL DEFAULT 0,
  PCT REAL NOT NULL DEFAULT 0,
  LastTen TEXT NOT NULL DEFAULT '0:0:0:0',
  Streak TEXT NOT NULL DEFAULT 'None'
);
INSERT INTO "HOLStats" VALUES(1,1,20171000,0,201710000000,'Kansas City Flies','Kansas City','Kansas City','','MO','USA','United States','Kansas City, MO','Missouri','Kansas City, Missouri','Flies','Conference 1','Conference 1','Division 1','Division 1','HOL','Hockey League','KAN Arena','KAN Arena, Kansas City','MIL:Milan Dazzle',0,0,0,0,0,0,0,0,0,0,0,0,0,0,0,0,0,0,'0:0:0:0','0:0:0:0','0:0',0,0,0,0,0,0,0,0,0,0,0,0,0,0,0,0,0,0,0,0,0,0,0,0,0,0,0,0,0,0,0,0.0,'0:0:0:0','None');
INSERT INTO "HOLStats" VALUES(2,2,20171000,0,201710000000,'Chicago Lampreys','Chicago','Chicago','','IL','USA','United States','Chicago, IL','Illionis','Chicago, Illionis','Lampreys','Conference 1','Conference 1','Division 1','Division 1','HOL','Hockey League','CHI Arena','CHI Arena, Chicago','MIL:Moline Expositions',0,0,0,0,0,0,0,0,0,0,0,0,0,0,0,0,0,0,'0:0:0:0','0:0:0:0','0:0',0,0,0,0,0,0,0,0,0,0,0,0,0,0,0,0,0,0,0,0,0,0,0,0,0,0,0,0,0,0,0,0.0,'0:0:0:0','None');
INSERT INTO "HOLStats" VALUES(3,3,20171000,0,201710000000,'Ft. Wayne Whitecaps','Ft. Wayne','Ft. Wayne','','IN','USA','United States','Ft. Wayne, IN','Indiana','Ft. Wayne, Indiana','Whitecaps','Conference 1','Conference 1','Division 2','Division 2','HOL','Hockey League','WHI Arena','WHI Arena, Ft. Wayne','MIL:Kokomo Loggerheads',0,0,0,0,0,0,0,0,0,0,0,0,0,0,0,0,0,0,'0:0:0:0','0:0:0:0','0:0',0,0,0,0,0,0,0,0,0,0,0,0,0,0,0,0,0,0,0,0,0,0,0,0,0,0,0,0,0,0,0,0.0,'0:0:0:0','None');
INSERT INTO "HOLStats" VALUES(4,4,20171000,0,201710000000,'Minneapolis Frogs','Minneapolis','Minneapolis','','MN','USA','United States','Minneapolis, MN','Minnesota','Minneapolis, Minnesota','Frogs','Conference 1','Conference 1','Division 2','Division 2','HOL','Hockey League','MIN Arena','MIN Arena, Minneapolis','MIL:Becker Winged Wheelers',0,0,0,0,0,0,0,0,0,0,0,0,0,0,0,0,0,0,'0:0:0:0','0:0:0:0','0:0',0,0,0,0,0,0,0,0,0,0,0,0,0,0,0,0,0,0,0,0,0,0,0,0,0,0,0,0,0,0,0,0.0,'0:0:0:0','None');
INSERT INTO "HOLStats" VALUES(5,5,20171000,0,201710000000,'Columbus Passion','Columbus','Columbus','','OH','USA','United States','Columbus, OH','Ohio','Columbus, Ohio','Passion','Conference 2','Conference 2','Division 3','Division 3','HOL','Hockey League','COL Arena','COL Arena, Columbus','MIL:Toledo Pugs',0,0,0,0,0,0,0,0,0,0,0,0,0,0,0,0,0,0,'0:0:0:0','0:0:0:0','0:0',0,0,0,0,0,0,0,0,0,0,0,0,0,0,0,0,0,0,0,0,0,0,0,0,0,0,0,0,0,0,0,0.0,'0:0:0:0','None');
INSERT INTO "HOLStats" VALUES(6,6,20171000,0,201710000000,'Akron Cattlemen','Akron','Akron','','OH','USA','United States','Akron, OH','Ohio','Akron, Ohio','Cattlemen','Conference 2','Conference 2','Division 3','Division 3','HOL','Hockey League','AKR Arena','AKR Arena, Akron','MIL:Mason Caravans',0,0,0,0,0,0,0,0,0,0,0,0,0,0,0,0,0,0,'0:0:0:0','0:0:0:0','0:0',0,0,0,0,0,0,0,0,0,0,0,0,0,0,0,0,0,0,0,0,0,0,0,0,0,0,0,0,0,0,0,0.0,'0:0:0:0','None');
INSERT INTO "HOLStats" VALUES(7,7,20171000,0,201710000000,'Indianapolis Gears','Indianapolis','Indianapolis','','IN','USA','United States','Indianapolis, IN','Indiana','Indianapolis, Indiana','Gears','Conference 2','Conference 2','Division 4','Division 4','HOL','Hockey League','IND Arena','IND Arena, Indianapolis','MIL:Lawrence Walkers',0,0,0,0,0,0,0,0,0,0,0,0,0,0,0,0,0,0,'0:0:0:0','0:0:0:0','0:0',0,0,0,0,0,0,0,0,0,0,0,0,0,0,0,0,0,0,0,0,0,0,0,0,0,0,0,0,0,0,0,0.0,'0:0:0:0','None');
INSERT INTO "HOLStats" VALUES(8,8,20171000,0,201710000000,'Wichita Rail Hawks','Wichita','Wichita','','KS','USA','United States','Wichita, KS','Kansas','Wichita, Kansas','Rail Hawks','Conference 2','Conference 2','Division 4','Division 4','HOL','Hockey League','WIC Arena','WIC Arena, Wichita','MIL:Garden City Jammers',0,0,0,0,0,0,0,0,0,0,0,0,0,0,0,0,0,0,'0:0:0:0','0:0:0:0','0:0',0,0,0,0,0,0,0,0,0,0,0,0,0,0,0,0,0,0,0,0,0,0,0,0,0,0,0,0,0,0,0,0.0,'0:0:0:0','None');
CREATE TABLE HOLTeams (
  id INTEGER PRIMARY KEY AUTOINCREMENT,
  Date INTEGER NOT NULL DEFAULT 0,
  Time INTEGER NOT NULL DEFAULT 0,
  DateTime INTEGER NOT NULL DEFAULT 0,
  FullName TEXT NOT NULL DEFAULT '',
  CityName TEXT NOT NULL DEFAULT '',
  TeamPrefix TEXT NOT NULL DEFAULT '',
  TeamSuffix TEXT NOT NULL DEFAULT '',
  AreaName TEXT NOT NULL DEFAULT '',
  CountryName TEXT NOT NULL DEFAULT '',
  FullCountryName TEXT NOT NULL DEFAULT '',
  FullCityName TEXT NOT NULL DEFAULT '',
  FullAreaName TEXT NOT NULL DEFAULT '',
  FullCityNameAlt TEXT NOT NULL DEFAULT '',
  TeamName TEXT NOT NULL DEFAULT '',
  Conference TEXT NOT NULL DEFAULT '',
  ConferenceFullName TEXT NOT NULL DEFAULT '',
  Division TEXT NOT NULL DEFAULT '',
  DivisionFullName TEXT NOT NULL DEFAULT '',
  LeagueName TEXT NOT NULL DEFAULT '',
  LeagueFullName TEXT NOT NULL DEFAULT '',
  ArenaName TEXT NOT NULL DEFAULT '',
  FullArenaName TEXT NOT NULL DEFAULT '',
  Affiliates TEXT NOT NULL DEFAULT '',
  GamesPlayed INTEGER NOT NULL DEFAULT 0,
  GamesPlayedHome INTEGER NOT NULL DEFAULT 0,
  GamesPlayedAway INTEGER NOT NULL DEFAULT 0,
  Ties INTEGER NOT NULL DEFAULT 0,
  Wins INTEGER NOT NULL DEFAULT 0,
  OTWins INTEGER NOT NULL DEFAULT 0,
  SOWins INTEGER NOT NULL DEFAULT 0,
  OTSOWins INTEGER NOT NULL DEFAULT 0,
  TWins INTEGER NOT NULL DEFAULT 0,
  Losses INTEGER NOT NULL DEFAULT 0,
  OTLosses INTEGER NOT NULL DEFAULT 0,
  SOLosses INTEGER NOT NULL DEFAULT 0,
  OTSOLosses INTEGER NOT NULL DEFAULT 0,
  TLosses INTEGER NOT NULL DEFAULT 0,
  ROW INTEGER NOT NULL DEFAULT 0,
  ROT INTEGER NOT NULL DEFAULT 0,
  ShutoutWins INTEGER NOT NULL DEFAULT 0,
  ShutoutLosses INTEGER NOT NULL DEFAULT 0,
  HomeRecord TEXT NOT NULL DEFAULT '0:0:0:0',
  AwayRecord TEXT NOT NULL DEFAULT '0:0:0:0',
  Shootouts TEXT NOT NULL DEFAULT '0:0',
  GoalsFor INTEGER NOT NULL DEFAULT 0,
  GoalsAgainst INTEGER NOT NULL DEFAULT 0,
  GoalsDifference INTEGER NOT NULL DEFAULT 0,
  SOGFor INTEGER NOT NULL DEFAULT 0,
  SOGAgainst INTEGER NOT NULL DEFAULT 0,
  SOGDifference INTEGER NOT NULL DEFAULT 0,
  ShotsBlockedFor INTEGER NOT NULL DEFAULT 0,
  ShotsBlockedAgainst INTEGER NOT NULL DEFAULT 0,
  ShotsBlockedDifference INTEGER NOT NULL DEFAULT 0,
  PPGFor INTEGER NOT NULL DEFAULT 0,
  PPGAgainst INTEGER NOT NULL DEFAULT 0,
  PPGDifference INTEGER NOT NULL DEFAULT 0,
  SHGFor INTEGER NOT NULL DEFAULT 0,
  SHGAgainst INTEGER NOT NULL DEFAULT 0,
  SHGDifference INTEGER NOT NULL DEFAULT 0,
  PenaltiesFor INTEGER NOT NULL DEFAULT 0,
  PenaltiesAgainst INTEGER NOT NULL DEFAULT 0,
  PenaltiesDifference INTEGER NOT NULL DEFAULT 0,
  PIMFor INTEGER NOT NULL DEFAULT 0,
  PIMAgainst INTEGER NOT NULL DEFAULT 0,
  PIMDifference INTEGER NOT NULL DEFAULT 0,
  HITSFor INTEGER NOT NULL DEFAULT 0,
  HITSAgainst INTEGER NOT NULL DEFAULT 0,
  HITSDifference INTEGER NOT NULL DEFAULT 0,
  TakeAways INTEGER NOT NULL DEFAULT 0,
  GiveAways INTEGER NOT NULL DEFAULT 0,
  TAGADifference INTEGER NOT NULL DEFAULT 0,
  FaceoffWins INTEGER NOT NULL DEFAULT 0,
  FaceoffLosses INTEGER NOT NULL DEFAULT 0,
  FaceoffDifference INTEGER NOT NULL DEFAULT 0,
  Points INTEGER NOT NULL DEFAULT 0,
  PCT REAL NOT NULL DEFAULT 0,
  LastTen TEXT NOT NULL DEFAULT '0:0:0:0',
  Streak TEXT NOT NULL DEFAULT 'None'
);
INSERT INTO "HOLTeams" VALUES(1,20171000,0,201710000000,'Kansas City Flies','Kansas City','Kansas City','','MO','USA','United States','Kansas City, MO','Missouri','Kansas City, Missouri','Flies','Conference 1','Conference 1','Division 1','Division 1','HOL','Hockey League','KAN Arena','KAN Arena, Kansas City','MIL:Milan Dazzle',0,0,0,0,0,0,0,0,0,0,0,0,0,0,0,0,0,0,'0:0:0:0','0:0:0:0','0:0',0,0,0,0,0,0,0,0,0,0,0,0,0,0,0,0,0,0,0,0,0,0,0,0,0,0,0,0,0,0,0,0.0,'0:0:0:0','None');
INSERT INTO "HOLTeams" VALUES(2,20171000,0,201710000000,'Chicago Lampreys','Chicago','Chicago','','IL','USA','United States','Chicago, IL','Illionis','Chicago, Illionis','Lampreys','Conference 1','Conference 1','Division 1','Division 1','HOL','Hockey League','CHI Arena','CHI Arena, Chicago','MIL:Moline Expositions',0,0,0,0,0,0,0,0,0,0,0,0,0,0,0,0,0,0,'0:0:0:0','0:0:0:0','0:0',0,0,0,0,0,0,0,0,0,0,0,0,0,0,0,0,0,0,0,0,0,0,0,0,0,0,0,0,0,0,0,0.0,'0:0:0:0','None');
INSERT INTO "HOLTeams" VALUES(3,20171000,0,201710000000,'Ft. Wayne Whitecaps','Ft. Wayne','Ft. Wayne','','IN','USA','United States','Ft. Wayne, IN','Indiana','Ft. Wayne, Indiana','Whitecaps','Conference 1','Conference 1','Division 2','Division 2','HOL','Hockey League','WHI Arena','WHI Arena, Ft. Wayne','MIL:Kokomo Loggerheads',0,0,0,0,0,0,0,0,0,0,0,0,0,0,0,0,0,0,'0:0:0:0','0:0:0:0','0:0',0,0,0,0,0,0,0,0,0,0,0,0,0,0,0,0,0,0,0,0,0,0,0,0,0,0,0,0,0,0,0,0.0,'0:0:0:0','None');
INSERT INTO "HOLTeams" VALUES(4,20171000,0,201710000000,'Minneapolis Frogs','Minneapolis','Minneapolis','','MN','USA','United States','Minneapolis, MN','Minnesota','Minneapolis, Minnesota','Frogs','Conference 1','Conference 1','Division 2','Division 2','HOL','Hockey League','MIN Arena','MIN Arena, Minneapolis','MIL:Becker Winged Wheelers',0,0,0,0,0,0,0,0,0,0,0,0,0,0,0,0,0,0,'0:0:0:0','0:0:0:0','0:0',0,0,0,0,0,0,0,0,0,0,0,0,0,0,0,0,0,0,0,0,0,0,0,0,0,0,0,0,0,0,0,0.0,'0:0:0:0','None');
INSERT INTO "HOLTeams" VALUES(5,20171000,0,201710000000,'Columbus Passion','Columbus','Columbus','','OH','USA','United States','Columbus, OH','Ohio','Columbus, Ohio','Passion','Conference 2','Conference 2','Division 3','Division 3','HOL','Hockey League','COL Arena','COL Arena, Columbus','MIL:Toledo Pugs',0,0,0,0,0,0,0,0,0,0,0,0,0,0,0,0,0,0,'0:0:0:0','0:0:0:0','0:0',0,0,0,0,0,0,0,0,0,0,0,0,0,0,0,0,0,0,0,0,0,0,0,0,0,0,0,0,0,0,0,0.0,'0:0:0:0','None');
INSERT INTO "HOLTeams" VALUES(6,20171000,0,201710000000,'Akron Cattlemen','Akron','Akron','','OH','USA','United States','Akron, OH','Ohio','Akron, Ohio','Cattlemen','Conference 2','Conference 2','Division 3','Division 3','HOL','Hockey League','AKR Arena','AKR Arena, Akron','MIL:Mason Caravans',0,0,0,0,0,0,0,0,0,0,0,0,0,0,0,0,0,0,'0:0:0:0','0:0:0:0','0:0',0,0,0,0,0,0,0,0,0,0,0,0,0,0,0,0,0,0,0,0,0,0,0,0,0,0,0,0,0,0,0,0.0,'0:0:0:0','None');
INSERT INTO "HOLTeams" VALUES(7,20171000,0,201710000000,'Indianapolis Gears','Indianapolis','Indianapolis','','IN','USA','United States','Indianapolis, IN','Indiana','Indianapolis, Indiana','Gears','Conference 2','Conference 2','Division 4','Division 4','HOL','Hockey League','IND Arena','IND Arena, Indianapolis','MIL:Lawrence Walkers',0,0,0,0,0,0,0,0,0,0,0,0,0,0,0,0,0,0,'0:0:0:0','0:0:0:0','0:0',0,0,0,0,0,0,0,0,0,0,0,0,0,0,0,0,0,0,0,0,0,0,0,0,0,0,0,0,0,0,0,0.0,'0:0:0:0','None');
INSERT INTO "HOLTeams" VALUES(8,20171000,0,201710000000,'Wichita Rail Hawks','Wichita','Wichita','','KS','USA','United States','Wichita, KS','Kansas','Wichita, Kansas','Rail Hawks','Conference 2','Conference 2','Division 4','Division 4','HOL','Hockey League','WIC Arena','WIC Arena, Wichita','MIL:Garden City Jammers',0,0,0,0,0,0,0,0,0,0,0,0,0,0,0,0,0,0,'0:0:0:0','0:0:0:0','0:0',0,0,0,0,0,0,0,0,0,0,0,0,0,0,0,0,0,0,0,0,0,0,0,0,0,0,0,0,0,0,0,0.0,'0:0:0:0','None');
CREATE TABLE HockeyLeagues (
  id INTEGER PRIMARY KEY AUTOINCREMENT,
  LeagueName TEXT NOT NULL DEFAULT '',
  LeagueFullName TEXT NOT NULL DEFAULT '',
  CountryName TEXT NOT NULL DEFAULT '',
  FullCountryName TEXT NOT NULL DEFAULT '',
  Date INTEGER NOT NULL DEFAULT 0,
  PlayOffFMT TEXT NOT NULL DEFAULT '',
  OrderType TEXT NOT NULL DEFAULT '',
  NumberOfTeams INTEGER NOT NULL DEFAULT 0,
  NumberOfConferences INTEGER NOT NULL DEFAULT 0,
  NumberOfDivisions INTEGER NOT NULL DEFAULT 0
);
INSERT INTO "HockeyLeagues" VALUES(1,'HOL','Hockey League','USA','United States',20171001,'Division=1,Conference=1','ORDER BY Points DESC, GamesPlayed ASC, TWins DESC, Losses ASC, GoalsDifference DESC',8,2,4);
INSERT INTO "HockeyLeagues" VALUES(2,'MIL','Minor League','USA','United States',20171001,'Division=1,Conference=1','ORDER BY PCT DESC, GamesPlayed ASC, TWins DESC, Losses ASC, GoalsDifference DESC',8,2,4);
CREATE TABLE MILArenas (
  id INTEGER PRIMARY KEY AUTOINCREMENT,
  TeamID INTEGER NOT NULL DEFAULT 0,
  TeamName TEXT NOT NULL DEFAULT '',
  TeamFullName TEXT NOT NULL DEFAULT '',
  CityName TEXT NOT NULL DEFAULT '',
  AreaName TEXT NOT NULL DEFAULT '',
  CountryName TEXT NOT NULL DEFAULT '',
  FullCountryName TEXT NOT NULL DEFAULT '',
  FullCityName TEXT NOT NULL DEFAULT '',
  FullAreaName TEXT NOT NULL DEFAULT '',
  FullCityNameAlt TEXT NOT NULL DEFAULT '',
  ArenaName TEXT NOT NULL DEFAULT '',
  FullArenaName TEXT NOT NULL DEFAULT '',
  GamesPlayed INTEGER NOT NULL DEFAULT 0
);
INSERT INTO "MILArenas" VALUES(1,1,'Dazzle','Milan Dazzle','Milan','MO','USA','United States','Milan, MO','Missouri','Milan, Missouri','MIL Arena','MIL Arena, Milan',0);
INSERT INTO "MILArenas" VALUES(2,2,'Expositions','Moline Expositions','Moline','IL','USA','United States','Moline, IL','Illionis','Moline, Illionis','MOL Arena','MOL Arena, Moline',0);
INSERT INTO "MILArenas" VALUES(3,3,'Loggerheads','Kokomo Loggerheads','Kokomo','IN','USA','United States','Kokomo, IN','Indiana','Kokomo, Indiana','KOK Arena','KOK Arena, Kokomo',0);
INSERT INTO "MILArenas" VALUES(4,4,'Winged Wheelers','Becker Winged Wheelers','Becker','MN','USA','United States','Becker, MN','Minnesota','Becker, Minnesota','BEC Arena','BEC Arena, Becker',0);
INSERT INTO "MILArenas" VALUES(5,5,'Pugs','Toledo Pugs','Toledo','OH','USA','United States','Toledo, OH','Ohio','Toledo, Ohio','TOL Arena','TOL Arena, Toledo',0);
INSERT INTO "MILArenas" VALUES(6,6,'Caravans','Mason Caravans','Mason','OH','USA','United States','Mason, OH','Ohio','Mason, Ohio','MAS Arena','MAS Arena, Mason',0);
INSERT INTO "MILArenas" VALUES(7,7,'Walkers','Lawrence Walkers','Lawrence','IN','USA','United States','Lawrence, IN','Indiana','Lawrence, Indiana','LAW Arena','LAW Arena, Lawrence',0);
INSERT INTO "MILArenas" VALUES(8,8,'Jammers','Garden City Jammers','Garden City','KS','USA','United States','Garden City, KS','Kansas','Garden City, Kansas','GAR Arena','GAR Arena, Garden City',0);
CREATE TABLE MILConferences (
  id INTEGER PRIMARY KEY AUTOINCREMENT,
  Conference TEXT NOT NULL DEFAULT '',
  ConferencePrefix TEXT NOT NULL DEFAULT '',
  ConferenceSuffix TEXT NOT NULL DEFAULT '',
  FullName TEXT NOT NULL DEFAULT '',
  LeagueName TEXT NOT NULL DEFAULT '',
  LeagueFullName TEXT NOT NULL DEFAULT '',
  NumberOfTeams INTEGER NOT NULL DEFAULT 0,
  NumberOfDivisions INTEGER NOT NULL DEFAULT 0
);
INSERT INTO "MILConferences" VALUES(1,'Conference 1','','','Conference 1','MIL','Minor League',4,2);
INSERT INTO "MILConferences" VALUES(2,'Conference 2','','','Conference 2','MIL','Minor League',4,2);
CREATE TABLE MILDivisions (
  id INTEGER PRIMARY KEY AUTOINCREMENT,
  Division TEXT NOT NULL DEFAULT '',
  DivisionPrefix TEXT NOT NULL DEFAULT '',
  DivisionSuffix TEXT NOT NULL DEFAULT '',
  FullName TEXT NOT NULL DEFAULT '',
  Conference TEXT NOT NULL DEFAULT '',
  ConferenceFullName TEXT NOT NULL DEFAULT '',
  LeagueName TEXT NOT NULL DEFAULT '',
  LeagueFullName TEXT NOT NULL DEFAULT '',
  NumberOfTeams INTEGER NOT NULL DEFAULT 0
);
INSERT INTO "MILDivisions" VALUES(1,'Division 1','','','Division 1','Conference 1','Conference 1','MIL','Minor League',2);
INSERT INTO "MILDivisions" VALUES(2,'Division 2','','','Division 2','Conference 1','Conference 1','MIL','Minor League',2);
INSERT INTO "MILDivisions" VALUES(3,'Division 3','','','Division 3','Conference 2','Conference 2','MIL','Minor League',2);
INSERT INTO "MILDivisions" VALUES(4,'Division 4','','','Division 4','Conference 2','Conference 2','MIL','Minor League',2);
CREATE TABLE MILGameStats (
  id INTEGER PRIMARY KEY AUTOINCREMENT,
  GameID INTEGER NOT NULL DEFAULT 0,
  Date INTEGER NOT NULL DEFAULT 0,
  Time INTEGER NOT NULL DEFAULT 0,
  DateTime INTEGER NOT NULL DEFAULT 0,
  TeamID INTEGER NOT NULL DEFAULT 0,
  FullName TEXT NOT NULL DEFAULT '',
  CityName TEXT NOT NULL DEFAULT '',
  TeamPrefix TEXT NOT NULL DEFAULT '',
  TeamSuffix TEXT NOT NULL DEFAULT '',
  AreaName TEXT NOT NULL DEFAULT '',
  CountryName TEXT NOT NULL DEFAULT '',
  FullCountryName TEXT NOT NULL DEFAULT '',
  FullCityName TEXT NOT NULL DEFAULT '',
  FullAreaName TEXT NOT NULL DEFAULT '',
  FullCityNameAlt TEXT NOT NULL DEFAULT '',
  TeamName TEXT NOT NULL DEFAULT '',
  Conference TEXT NOT NULL DEFAULT '',
  ConferenceFullName TEXT NOT NULL DEFAULT '',
  Division TEXT NOT NULL DEFAULT '',
  DivisionFullName TEXT NOT NULL DEFAULT '',
  LeagueName TEXT NOT NULL DEFAULT '',
  LeagueFullName TEXT NOT NULL DEFAULT '',
  ArenaName TEXT NOT NULL DEFAULT '',
  FullArenaName TEXT NOT NULL DEFAULT '',
  Affiliates TEXT NOT NULL DEFAULT '',
  GoalsFor INTEGER NOT NULL DEFAULT 0,
  GoalsAgainst INTEGER NOT NULL DEFAULT 0,
  GoalsDifference INTEGER NOT NULL DEFAULT 0,
  SOGFor INTEGER NOT NULL DEFAULT 0,
  SOGAgainst INTEGER NOT NULL DEFAULT 0,
  SOGDifference INTEGER NOT NULL DEFAULT 0,
  ShotsBlockedFor INTEGER NOT NULL DEFAULT 0,
  ShotsBlockedAgainst INTEGER NOT NULL DEFAULT 0,
  ShotsBlockedDifference INTEGER NOT NULL DEFAULT 0,
  PPGFor INTEGER NOT NULL DEFAULT 0,
  PPGAgainst INTEGER NOT NULL DEFAULT 0,
  PPGDifference INTEGER NOT NULL DEFAULT 0,
  SHGFor INTEGER NOT NULL DEFAULT 0,
  SHGAgainst INTEGER NOT NULL DEFAULT 0,
  SHGDifference INTEGER NOT NULL DEFAULT 0,
  PenaltiesFor INTEGER NOT NULL DEFAULT 0,
  PenaltiesAgainst INTEGER NOT NULL DEFAULT 0,
  PenaltiesDifference INTEGER NOT NULL DEFAULT 0,
  PIMFor INTEGER NOT NULL DEFAULT 0,
  PIMAgainst INTEGER NOT NULL DEFAULT 0,
  PIMDifference INTEGER NOT NULL DEFAULT 0,
  HITSFor INTEGER NOT NULL DEFAULT 0,
  HITSAgainst INTEGER NOT NULL DEFAULT 0,
  HITSDifference INTEGER NOT NULL DEFAULT 0,
  TakeAways INTEGER NOT NULL DEFAULT 0,
  GiveAways INTEGER NOT NULL DEFAULT 0,
  TAGADifference INTEGER NOT NULL DEFAULT 0,
  FaceoffWins INTEGER NOT NULL DEFAULT 0,
  FaceoffLosses INTEGER NOT NULL DEFAULT 0,
  FaceoffDifference INTEGER NOT NULL DEFAULT 0
);
CREATE TABLE MILGames (
  id INTEGER PRIMARY KEY AUTOINCREMENT,
  Date INTEGER NOT NULL DEFAULT 0,
  Time INTEGER NOT NULL DEFAULT 0,
  DateTime INTEGER NOT NULL DEFAULT 0,
  HomeTeam TEXT NOT NULL DEFAULT '',
  AwayTeam TEXT NOT NULL DEFAULT '',
  AtArena TEXT NOT NULL DEFAULT '',
  TeamScorePeriods TEXT NOT NULL DEFAULT '',
  TeamFullScore TEXT NOT NULL DEFAULT '',
  ShotsOnGoal TEXT NOT NULL DEFAULT '',
  FullShotsOnGoal TEXT NOT NULL DEFAULT '',
  ShotsBlocked TEXT NOT NULL DEFAULT '',
  FullShotsBlocked TEXT NOT NULL DEFAULT '',
  PowerPlays TEXT NOT NULL DEFAULT '',
  FullPowerPlays TEXT NOT NULL DEFAULT '',
  ShortHanded TEXT NOT NULL DEFAULT '',
  FullShortHanded TEXT NOT NULL DEFAULT '',
  Penalties TEXT NOT NULL DEFAULT '',
  FullPenalties TEXT NOT NULL DEFAULT '',
  PenaltyMinutes TEXT NOT NULL DEFAULT '',
  FullPenaltyMinutes TEXT NOT NULL DEFAULT '',
  HitsPerPeriod TEXT NOT NULL DEFAULT '',
  FullHitsPerPeriod TEXT NOT NULL DEFAULT '',
  TakeAways TEXT NOT NULL DEFAULT '',
  FullTakeAways TEXT NOT NULL DEFAULT '',
  GiveAways TEXT NOT NULL DEFAULT '',
  FullGiveAways TEXT NOT NULL DEFAULT '',
  FaceoffWins TEXT NOT NULL DEFAULT '',
  FullFaceoffWins TEXT NOT NULL DEFAULT '',
  NumberPeriods INTEGER NOT NULL DEFAULT 0,
  TeamWin TEXT NOT NULL DEFAULT '',
  TeamLost TEXT NOT NULL DEFAULT '',
  TieGame INTEGER NOT NULL DEFAULT 0,
  IsPlayOffGame INTEGER NOT NULL DEFAULT 0
);
CREATE TABLE MILStats (
  id INTEGER PRIMARY KEY AUTOINCREMENT,
  TeamID INTEGER NOT NULL DEFAULT 0,
  Date INTEGER NOT NULL DEFAULT 0,
  Time INTEGER NOT NULL DEFAULT 0,
  DateTime INTEGER NOT NULL DEFAULT 0,
  FullName TEXT NOT NULL DEFAULT '',
  CityName TEXT NOT NULL DEFAULT '',
  TeamPrefix TEXT NOT NULL DEFAULT '',
  TeamSuffix TEXT NOT NULL DEFAULT '',
  AreaName TEXT NOT NULL DEFAULT '',
  CountryName TEXT NOT NULL DEFAULT '',
  FullCountryName TEXT NOT NULL DEFAULT '',
  FullCityName TEXT NOT NULL DEFAULT '',
  FullAreaName TEXT NOT NULL DEFAULT '',
  FullCityNameAlt TEXT NOT NULL DEFAULT '',
  TeamName TEXT NOT NULL DEFAULT '',
  Conference TEXT NOT NULL DEFAULT '',
  ConferenceFullName TEXT NOT NULL DEFAULT '',
  Division TEXT NOT NULL DEFAULT '',
  DivisionFullName TEXT NOT NULL DEFAULT '',
  LeagueName TEXT NOT NULL DEFAULT '',
  LeagueFullName TEXT NOT NULL DEFAULT '',
  ArenaName TEXT NOT NULL DEFAULT '',
  FullArenaName TEXT NOT NULL DEFAULT '',
  Affiliates TEXT NOT NULL DEFAULT '',
  GamesPlayed INTEGER NOT NULL DEFAULT 0,
  GamesPlayedHome INTEGER NOT NULL DEFAULT 0,
  GamesPlayedAway INTEGER NOT NULL DEFAULT 0,
  Ties INTEGER NOT NULL DEFAULT 0,
  Wins INTEGER NOT NULL DEFAULT 0,
  OTWins INTEGER NOT NULL DEFAULT 0,
  SOWins INTEGER NOT NULL DEFAULT 0,
  OTSOWins INTEGER NOT NULL DEFAULT 0,
  TWins INTEGER NOT NULL DEFAULT 0,
  Losses INTEGER NOT NULL DEFAULT 0,
  OTLosses INTEGER NOT NULL DEFAULT 0,
  SOLosses INTEGER NOT NULL DEFAULT 0,
  OTSOLosses INTEGER NOT NULL DEFAULT 0,
  TLosses INTEGER NOT NULL DEFAULT 0,
  ROW INTEGER NOT NULL DEFAULT 0,
  ROT INTEGER NOT NULL DEFAULT 0,
  ShutoutWins INTEGER NOT NULL DEFAULT 0,
  ShutoutLosses INTEGER NOT NULL DEFAULT 0,
  HomeRecord TEXT NOT NULL DEFAULT '0:0:0:0',
  AwayRecord TEXT NOT NULL DEFAULT '0:0:0:0',
  Shootouts TEXT NOT NULL DEFAULT '0:0',
  GoalsFor INTEGER NOT NULL DEFAULT 0,
  GoalsAgainst INTEGER NOT NULL DEFAULT 0,
  GoalsDifference INTEGER NOT NULL DEFAULT 0,
  SOGFor INTEGER NOT NULL DEFAULT 0,
  SOGAgainst INTEGER NOT NULL DEFAULT 0,
  SOGDifference INTEGER NOT NULL DEFAULT 0,
  ShotsBlockedFor INTEGER NOT NULL DEFAULT 0,
  ShotsBlockedAgainst INTEGER NOT NULL DEFAULT 0,
  ShotsBlockedDifference INTEGER NOT NULL DEFAULT 0,
  PPGFor INTEGER NOT NULL DEFAULT 0,
  PPGAgainst INTEGER NOT NULL DEFAULT 0,
  PPGDifference INTEGER NOT NULL DEFAULT 0,
  SHGFor INTEGER NOT NULL DEFAULT 0,
  SHGAgainst INTEGER NOT NULL DEFAULT 0,
  SHGDifference INTEGER NOT NULL DEFAULT 0,
  PenaltiesFor INTEGER NOT NULL DEFAULT 0,
  PenaltiesAgainst INTEGER NOT NULL DEFAULT 0,
  PenaltiesDifference INTEGER NOT NULL DEFAULT 0,
  PIMFor INTEGER NOT NULL DEFAULT 0,
  PIMAgainst INTEGER NOT NULL DEFAULT 0,
  PIMDifference INTEGER NOT NULL DEFAULT 0,
  HITSFor INTEGER NOT NULL DEFAULT 0,
  HITSAgainst INTEGER NOT NULL DEFAULT 0,
  HITSDifference INTEGER NOT NULL DEFAULT 0,
  TakeAways INTEGER NOT NULL DEFAULT 0,
  GiveAways INTEGER NOT NULL DEFAULT 0,
  TAGADifference INTEGER NOT NULL DEFAULT 0,
  FaceoffWins INTEGER NOT NULL DEFAULT 0,
  FaceoffLosses INTEGER NOT NULL DEFAULT 0,
  FaceoffDifference INTEGER NOT NULL DEFAULT 0,
  Points INTEGER NOT NULL DEFAULT 0,
  PCT REAL NOT NULL DEFAULT 0,
  LastTen TEXT NOT NULL DEFAULT '0:0:0:0',
  Streak TEXT NOT NULL DEFAULT 'None'
);
INSERT INTO "MILStats" VALUES(1,1,20171000,0,201710000000,'Milan Dazzle','Milan','Milan','','MO','USA','United States','Milan, MO','Missouri','Milan, Missouri','Dazzle','Conference 1','Conference 1','Division 1','Division 1','MIL','Minor League','MIL Arena','MIL Arena, Milan','HOL:Kansas City Flies',0,0,0,0,0,0,0,0,0,0,0,0,0,0,0,0,0,0,'0:0:0:0','0:0:0:0','0:0',0,0,0,0,0,0,0,0,0,0,0,0,0,0,0,0,0,0,0,0,0,0,0,0,0,0,0,0,0,0,0,0.0,'0:0:0:0','None');
INSERT INTO "MILStats" VALUES(2,2,20171000,0,201710000000,'Moline Expositions','Moline','Moline','','IL','USA','United States','Moline, IL','Illionis','Moline, Illionis','Expositions','Conference 1','Conference 1','Division 1','Division 1','MIL','Minor League','MOL Arena','MOL Arena, Moline','HOL:Chicago Lampreys',0,0,0,0,0,0,0,0,0,0,0,0,0,0,0,0,0,0,'0:0:0:0','0:0:0:0','0:0',0,0,0,0,0,0,0,0,0,0,0,0,0,0,0,0,0,0,0,0,0,0,0,0,0,0,0,0,0,0,0,0.0,'0:0:0:0','None');
INSERT INTO "MILStats" VALUES(3,3,20171000,0,201710000000,'Kokomo Loggerheads','Kokomo','Kokomo','','IN','USA','United States','Kokomo, IN','Indiana','Kokomo, Indiana','Loggerheads','Conference 1','Conference 1','Division 2','Division 2','MIL','Minor League','KOK Arena','KOK Arena, Kokomo','HOL:Ft. Wayne Whitecaps',0,0,0,0,0,0,0,0,0,0,0,0,0,0,0,0,0,0,'0:0:0:0','0:0:0:0','0:0',0,0,0,0,0,0,0,0,0,0,0,0,0,0,0,0,0,0,0,0,0,0,0,0,0,0,0,0,0,0,0,0.0,'0:0:0:0','None');
INSERT INTO "MILStats" VALUES(4,4,20171000,0,201710000000,'Becker Winged Wheelers','Becker','Becker','','MN','USA','United States','Becker, MN','Minnesota','Becker, Minnesota','Winged Wheelers','Conference 1','Conference 1','Division 2','Division 2','MIL','Minor League','BEC Arena','BEC Arena, Becker','HOL:Minneapolis Frogs',0,0,0,0,0,0,0,0,0,0,0,0,0,0,0,0,0,0,'0:0:0:0','0:0:0:0','0:0',0,0,0,0,0,0,0,0,0,0,0,0,0,0,0,0,0,0,0,0,0,0,0,0,0,0,0,0,0,0,0,0.0,'0:0:0:0','None');
INSERT INTO "MILStats" VALUES(5,5,20171000,0,201710000000,'Toledo Pugs','Toledo','Toledo','','OH','USA','United States','Toledo, OH','Ohio','Toledo, Ohio','Pugs','Conference 2','Conference 2','Division 3','Division 3','MIL','Minor League','TOL Arena','TOL Arena, Toledo','HOL:Columbus Passion',0,0,0,0,0,0,0,0,0,0,0,0,0,0,0,0,0,0,'0:0:0:0','0:0:0:0','0:0',0,0,0,0,0,0,0,0,0,0,0,0,0,0,0,0,0,0,0,0,0,0,0,0,0,0,0,0,0,0,0,0.0,'0:0:0:0','None');
INSERT INTO "MILStats" VALUES(6,6,20171000,0,201710000000,'Mason Caravans','Mason','Mason','','OH','USA','United States','Mason, OH','Ohio','Mason, Ohio','Caravans','Conference 2','Conference 2','Division 3','Division 3','MIL','Minor League','MAS Arena','MAS Arena, Mason','HOL:Akron Cattlemen',0,0,0,0,0,0,0,0,0,0,0,0,0,0,0,0,0,0,'0:0:0:0','0:0:0:0','0:0',0,0,0,0,0,0,0,0,0,0,0,0,0,0,0,0,0,0,0,0,0,0,0,0,0,0,0,0,0,0,0,0.0,'0:0:0:0','None');
INSERT INTO "MILStats" VALUES(7,7,20171000,0,201710000000,'Lawrence Walkers','Lawrence','Lawrence','','IN','USA','United States','Lawrence, IN','Indiana','Lawrence, Indiana','Walkers','Conference 2','Conference 2','Division 4','Division 4','MIL','Minor League','LAW Arena','LAW Arena, Lawrence','HOL:Indianapolis Gears',0,0,0,0,0,0,0,0,0,0,0,0,0,0,0,0,0,0,'0:0:0:0','0:0:0:0','0:0',0,0,0,0,0,0,0,0,0,0,0,0,0,0,0,0,0,0,0,0,0,0,0,0,0,0,0,0,0,0,0,0.0,'0:0:0:0','None');
INSERT INTO "MILStats" VALUES(8,8,20171000,0,201710000000,'Garden City Jammers','Garden City','Garden City','','KS','USA','United States','Garden City, KS','Kansas','Garden City, Kansas','Jammers','Conference 2','Conference 2','Division 4','Division 4','MIL','Minor League','GAR Arena','GAR Arena, Garden City','HOL:Wichita Rail Hawks',0,0,0,0,0,0,0,0,0,0,0,0,0,0,0,0,0,0,'0:0:0:0','0:0:0:0','0:0',0,0,0,0,0,0,0,0,0,0,0,0,0,0,0,0,0,0,0,0,0,0,0,0,0,0,0,0,0,0,0,0.0,'0:0:0:0','None');
CREATE TABLE MILTeams (
  id INTEGER PRIMARY KEY AUTOINCREMENT,
  Date INTEGER NOT NULL DEFAULT 0,
  Time INTEGER NOT NULL DEFAULT 0,
  DateTime INTEGER NOT NULL DEFAULT 0,
  FullName TEXT NOT NULL DEFAULT '',
  CityName TEXT NOT NULL DEFAULT '',
  TeamPrefix TEXT NOT NULL DEFAULT '',
  TeamSuffix TEXT NOT NULL DEFAULT '',
  AreaName TEXT NOT NULL DEFAULT '',
  CountryName TEXT NOT NULL DEFAULT '',
  FullCountryName TEXT NOT NULL DEFAULT '',
  FullCityName TEXT NOT NULL DEFAULT '',
  FullAreaName TEXT NOT NULL DEFAULT '',
  FullCityNameAlt TEXT NOT NULL DEFAULT '',
  TeamName TEXT NOT NULL DEFAULT '',
  Conference TEXT NOT NULL DEFAULT '',
  ConferenceFullName TEXT NOT NULL DEFAULT '',
  Division TEXT NOT NULL DEFAULT '',
  DivisionFullName TEXT NOT NULL DEFAULT '',
  LeagueName TEXT NOT NULL DEFAULT '',
  LeagueFullName TEXT NOT NULL DEFAULT '',
  ArenaName TEXT NOT NULL DEFAULT '',
  FullArenaName TEXT NOT NULL DEFAULT '',
  Affiliates TEXT NOT NULL DEFAULT '',
  GamesPlayed INTEGER NOT NULL DEFAULT 0,
  GamesPlayedHome INTEGER NOT NULL DEFAULT 0,
  GamesPlayedAway INTEGER NOT NULL DEFAULT 0,
  Ties INTEGER NOT NULL DEFAULT 0,
  Wins INTEGER NOT NULL DEFAULT 0,
  OTWins INTEGER NOT NULL DEFAULT 0,
  SOWins INTEGER NOT NULL DEFAULT 0,
  OTSOWins INTEGER NOT NULL DEFAULT 0,
  TWins INTEGER NOT NULL DEFAULT 0,
  Losses INTEGER NOT NULL DEFAULT 0,
  OTLosses INTEGER NOT NULL DEFAULT 0,
  SOLosses INTEGER NOT NULL DEFAULT 0,
  OTSOLosses INTEGER NOT NULL DEFAULT 0,
  TLosses INTEGER NOT NULL DEFAULT 0,
  ROW INTEGER NOT NULL DEFAULT 0,
  ROT INTEGER NOT NULL DEFAULT 0,
  ShutoutWins INTEGER NOT NULL DEFAULT 0,
  ShutoutLosses INTEGER NOT NULL DEFAULT 0,
  HomeRecord TEXT NOT NULL DEFAULT '0:0:0:0',
  AwayRecord TEXT NOT NULL DEFAULT '0:0:0:0',
  Shootouts TEXT NOT NULL DEFAULT '0:0',
  GoalsFor INTEGER NOT NULL DEFAULT 0,
  GoalsAgainst INTEGER NOT NULL DEFAULT 0,
  GoalsDifference INTEGER NOT NULL DEFAULT 0,
  SOGFor INTEGER NOT NULL DEFAULT 0,
  SOGAgainst INTEGER NOT NULL DEFAULT 0,
  SOGDifference INTEGER NOT NULL DEFAULT 0,
  ShotsBlockedFor INTEGER NOT NULL DEFAULT 0,
  ShotsBlockedAgainst INTEGER NOT NULL DEFAULT 0,
  ShotsBlockedDifference INTEGER NOT NULL DEFAULT 0,
  PPGFor INTEGER NOT NULL DEFAULT 0,
  PPGAgainst INTEGER NOT NULL DEFAULT 0,
  PPGDifference INTEGER NOT NULL DEFAULT 0,
  SHGFor INTEGER NOT NULL DEFAULT 0,
  SHGAgainst INTEGER NOT NULL DEFAULT 0,
  SHGDifference INTEGER NOT NULL DEFAULT 0,
  PenaltiesFor INTEGER NOT NULL DEFAULT 0,
  PenaltiesAgainst INTEGER NOT NULL DEFAULT 0,
  PenaltiesDifference INTEGER NOT NULL DEFAULT 0,
  PIMFor INTEGER NOT NULL DEFAULT 0,
  PIMAgainst INTEGER NOT NULL DEFAULT 0,
  PIMDifference INTEGER NOT NULL DEFAULT 0,
  HITSFor INTEGER NOT NULL DEFAULT 0,
  HITSAgainst INTEGER NOT NULL DEFAULT 0,
  HITSDifference INTEGER NOT NULL DEFAULT 0,
  TakeAways INTEGER NOT NULL DEFAULT 0,
  GiveAways INTEGER NOT NULL DEFAULT 0,
  TAGADifference INTEGER NOT NULL DEFAULT 0,
  FaceoffWins INTEGER NOT NULL DEFAULT 0,
  FaceoffLosses INTEGER NOT NULL DEFAULT 0,
  FaceoffDifference INTEGER NOT NULL DEFAULT 0,
  Points INTEGER NOT NULL DEFAULT 0,
  PCT REAL NOT NULL DEFAULT 0,
  LastTen TEXT NOT NULL DEFAULT '0:0:0:0',
  Streak TEXT NOT NULL DEFAULT 'None'
);
INSERT INTO "MILTeams" VALUES(1,20171000,0,201710000000,'Milan Dazzle','Milan','Milan','','MO','USA','United States','Milan, MO','Missouri','Milan, Missouri','Dazzle','Conference 1','Conference 1','Division 1','Division 1','MIL','Minor League','MIL Arena','MIL Arena, Milan','HOL:Kansas City Flies',0,0,0,0,0,0,0,0,0,0,0,0,0,0,0,0,0,0,'0:0:0:0','0:0:0:0','0:0',0,0,0,0,0,0,0,0,0,0,0,0,0,0,0,0,0,0,0,0,0,0,0,0,0,0,0,0,0,0,0,0.0,'0:0:0:0','None');
INSERT INTO "MILTeams" VALUES(2,20171000,0,201710000000,'Moline Expositions','Moline','Moline','','IL','USA','United States','Moline, IL','Illionis','Moline, Illionis','Expositions','Conference 1','Conference 1','Division 1','Division 1','MIL','Minor League','MOL Arena','MOL Arena, Moline','HOL:Chicago Lampreys',0,0,0,0,0,0,0,0,0,0,0,0,0,0,0,0,0,0,'0:0:0:0','0:0:0:0','0:0',0,0,0,0,0,0,0,0,0,0,0,0,0,0,0,0,0,0,0,0,0,0,0,0,0,0,0,0,0,0,0,0.0,'0:0:0:0','None');
INSERT INTO "MILTeams" VALUES(3,20171000,0,201710000000,'Kokomo Loggerheads','Kokomo','Kokomo','','IN','USA','United States','Kokomo, IN','Indiana','Kokomo, Indiana','Loggerheads','Conference 1','Conference 1','Division 2','Division 2','MIL','Minor League','KOK Arena','KOK Arena, Kokomo','HOL:Ft. Wayne Whitecaps',0,0,0,0,0,0,0,0,0,0,0,0,0,0,0,0,0,0,'0:0:0:0','0:0:0:0','0:0',0,0,0,0,0,0,0,0,0,0,0,0,0,0,0,0,0,0,0,0,0,0,0,0,0,0,0,0,0,0,0,0.0,'0:0:0:0','None');
INSERT INTO "MILTeams" VALUES(4,20171000,0,201710000000,'Becker Winged Wheelers','Becker','Becker','','MN','USA','United States','Becker, MN','Minnesota','Becker, Minnesota','Winged Wheelers','Conference 1','Conference 1','Division 2','Division 2','MIL','Minor League','BEC Arena','BEC Arena, Becker','HOL:Minneapolis Frogs',0,0,0,0,0,0,0,0,0,0,0,0,0,0,0,0,0,0,'0:0:0:0','0:0:0:0','0:0',0,0,0,0,0,0,0,0,0,0,0,0,0,0,0,0,0,0,0,0,0,0,0,0,0,0,0,0,0,0,0,0.0,'0:0:0:0','None');
INSERT INTO "MILTeams" VALUES(5,20171000,0,201710000000,'Toledo Pugs','Toledo','Toledo','','OH','USA','United States','Toledo, OH','Ohio','Toledo, Ohio','Pugs','Conference 2','Conference 2','Division 3','Division 3','MIL','Minor League','TOL Arena','TOL Arena, Toledo','HOL:Columbus Passion',0,0,0,0,0,0,0,0,0,0,0,0,0,0,0,0,0,0,'0:0:0:0','0:0:0:0','0:0',0,0,0,0,0,0,0,0,0,0,0,0,0,0,0,0,0,0,0,0,0,0,0,0,0,0,0,0,0,0,0,0.0,'0:0:0:0','None');
INSERT INTO "MILTeams" VALUES(6,20171000,0,201710000000,'Mason Caravans','Mason','Mason','','OH','USA','United States','Mason, OH','Ohio','Mason, Ohio','Caravans','Conference 2','Conference 2','Division 3','Division 3','MIL','Minor League','MAS Arena','MAS Arena, Mason','HOL:Akron Cattlemen',0,0,0,0,0,0,0,0,0,0,0,0,0,0,0,0,0,0,'0:0:0:0','0:0:0:0','0:0',0,0,0,0,0,0,0,0,0,0,0,0,0,0,0,0,0,0,0,0,0,0,0,0,0,0,0,0,0,0,0,0.0,'0:0:0:0','None');
INSERT INTO "MILTeams" VALUES(7,20171000,0,201710000000,'Lawrence Walkers','Lawrence','Lawrence','','IN','USA','United States','Lawrence, IN','Indiana','Lawrence, Indiana','Walkers','Conference 2','Conference 2','Division 4','Division 4','MIL','Minor League','LAW Arena','LAW Arena, Lawrence','HOL:Indianapolis Gears',0,0,0,0,0,0,0,0,0,0,0,0,0,0,0,0,0,0,'0:0:0:0','0:0:0:0','0:0',0,0,0,0,0,0,0,0,0,0,0,0,0,0,0,0,0,0,0,0,0,0,0,0,0,0,0,0,0,0,0,0.0,'0:0:0:0','None');
INSERT INTO "MILTeams" VALUES(8,20171000,0,201710000000,'Garden City Jammers','Garden City','Garden City','','KS','USA','United States','Garden City, KS','Kansas','Garden City, Kansas','Jammers','Conference 2','Conference 2','Division 4','Division 4','MIL','Minor League','GAR Arena','GAR Arena, Garden City','HOL:Wichita Rail Hawks',0,0,0,0,0,0,0,0,0,0,0,0,0,0,0,0,0,0,'0:0:0:0','0:0:0:0','0:0',0,0,0,0,0,0,0,0,0,0,0,0,0,0,0,0,0,0,0,0,0,0,0,0,0,0,0,0,0,0,0,0.0,'0:0:0:0','None');
DELETE FROM "sqlite_sequence";
INSERT INTO "sqlite_sequence" VALUES('HockeyLeagues',2);
INSERT INTO "sqlite_sequence" VALUES('HOLConferences',2);
INSERT INTO "sqlite_sequence" VALUES('HOLDivisions',4);
INSERT INTO "sqlite_sequence" VALUES('HOLTeams',8);
INSERT INTO "sqlite_sequence" VALUES('HOLStats',8);
INSERT INTO "sqlite_sequence" VALUES('HOLArenas',8);
INSERT INTO "sqlite_sequence" VALUES('MILConferences',2);
INSERT INTO "sqlite_sequence" VALUES('MILDivisions',4);
INSERT INTO "sqlite_sequence" VALUES('MILTeams',8);
INSERT INTO "sqlite_sequence" VALUES('MILStats',8);
INSERT INTO "sqlite_sequence" VALUES('MILArenas',8);
COMMIT;
